[{"aliases": {"target": "alpine/3.3/amd64/default", "description": "Alpine 3.3 (amd64) (20170828_17:50)", "name": "alpine/3.3/amd64/default"}, "properties": {"release": "3.3", "distribution": "alpine", "description": "Alpine 3.3 (amd64) (20170828_17:50)", "build": "20170828_17:50", "architecture": "amd64"}, "size": 2051034}, {"aliases": {"target": "alpine/3.3/armhf/default", "description": "Alpine 3.3 (armhf) (20170103_17:50)", "name": "alpine/3.3/armhf/default"}, "properties": {"release": "3.3", "distribution": "alpine", "description": "Alpine 3.3 (armhf) (20170103_17:50)", "build": "20170103_17:50", "architecture": "armhf"}, "size": 1609366}, {"aliases": {"target": "alpine/3.3/i386/default", "description": "Alpine 3.3 (i386) (20170828_17:50)", "name": "alpine/3.3/i386/default"}, "properties": {"release": "3.3", "distribution": "alpine", "description": "Alpine 3.3 (i386) (20170828_17:50)", "build": "20170828_17:50", "architecture": "i386"}, "size": 1888886}, {"aliases": {"target": "alpine/3.4/amd64/default", "description": "Alpine 3.4 (amd64) (20170828_17:50)", "name": "alpine/3.4/amd64/default"}, "properties": {"release": "3.4", "distribution": "alpine", "description": "Alpine 3.4 (amd64) (20170828_17:50)", "build": "20170828_17:50", "architecture": "amd64"}, "size": 2083418}, {"aliases": {"target": "alpine/3.4/armhf/default", "description": "Alpine 3.4 (armhf) (20170111_20:27)", "name": "alpine/3.4/armhf/default"}, "properties": {"release": "3.4", "distribution": "alpine", "description": "Alpine 3.4 (armhf) (20170111_20:27)", "build": "20170111_20:27", "architecture": "armhf"}, "size": 1652538}, {"aliases": {"target": "alpine/3.4/i386/default", "description": "Alpine 3.4 (i386) (20170828_17:50)", "name": "alpine/3.4/i386/default"}, "properties": {"release": "3.4", "distribution": "alpine", "description": "Alpine 3.4 (i386) (20170828_17:50)", "build": "20170828_17:50", "architecture": "i386"}, "size": 1923490}, {"aliases": {"target": "alpine/3.5/amd64/default", "description": "Alpine 3.5 (amd64) (20170828_17:50)", "name": "alpine/3.5/amd64/default"}, "properties": {"release": "3.5", "distribution": "alpine", "description": "Alpine 3.5 (amd64) (20170828_17:50)", "build": "20170828_17:50", "architecture": "amd64"}, "size": 1741234}, {"aliases": {"target": "alpine/3.5/i386/default", "description": "Alpine 3.5 (i386) (20170828_17:50)", "name": "alpine/3.5/i386/default"}, "properties": {"release": "3.5", "distribution": "alpine", "description": "Alpine 3.5 (i386) (20170828_17:50)", "build": "20170828_17:50", "architecture": "i386"}, "size": 1784426}, {"aliases": {"target": "alpine/3.6/amd64/default", "description": "Alpine 3.6 (amd64) (20170828_17:50)", "name": "alpine/3.6/amd64/default"}, "properties": {"release": "3.6", "distribution": "alpine", "description": "Alpine 3.6 (amd64) (20170828_17:50)", "build": "20170828_17:50", "architecture": "amd64"}, "size": 1770650}, {"aliases": {"target": "alpine/3.6/i386/default", "description": "Alpine 3.6 (i386) (20170828_17:50)", "name": "alpine/3.6/i386/default"}, "properties": {"release": "3.6", "distribution": "alpine", "description": "Alpine 3.6 (i386) (20170828_17:50)", "build": "20170828_17:50", "architecture": "i386"}, "size": 1819446}, {"aliases": {"target": "alpine/edge/amd64/default", "description": "Alpine edge (amd64) (20170828_17:50)", "name": "alpine/edge/amd64/default"}, "properties": {"release": "edge", "distribution": "alpine", "description": "Alpine edge (amd64) (20170828_17:50)", "build": "20170828_17:50", "architecture": "amd64"}, "size": 1764458}, {"aliases": {"target": "alpine/edge/armhf/default", "description": "Alpine edge (armhf) (20170111_20:27)", "name": "alpine/edge/armhf/default"}, "properties": {"release": "edge", "distribution": "alpine", "description": "Alpine edge (armhf) (20170111_20:27)", "build": "20170111_20:27", "architecture": "armhf"}, "size": 1664030}, {"aliases": {"target": "alpine/edge/i386/default", "description": "Alpine edge (i386) (20170828_17:50)", "name": "alpine/edge/i386/default"}, "properties": {"release": "edge", "distribution": "alpine", "description": "Alpine edge (i386) (20170828_17:50)", "build": "20170828_17:50", "architecture": "i386"}, "size": 1814634}, {"aliases": {"target": "archlinux/current/amd64/default", "description": "Archlinux current (amd64) (20170829_01:27)", "name": "archlinux/current/amd64/default"}, "properties": {"release": "current", "distribution": "archlinux", "description": "Archlinux current (amd64) (20170829_01:27)", "build": "20170829_01:27", "architecture": "amd64"}, "size": 124407078}, {"aliases": {"target": "archlinux/current/i386/default", "description": "Archlinux current (i386) (20170829_01:27)", "name": "archlinux/current/i386/default"}, "properties": {"release": "current", "distribution": "archlinux", "description": "Archlinux current (i386) (20170829_01:27)", "build": "20170829_01:27", "architecture": "i386"}, "size": 122343634}, {"aliases": {"target": "centos/6/amd64/default", "description": "Centos 6 (amd64) (20170829_02:16)", "name": "centos/6/amd64/default"}, "properties": {"release": "6", "distribution": "centos", "description": "Centos 6 (amd64) (20170829_02:16)", "build": "20170829_02:16", "architecture": "amd64"}, "size": 69491458}, {"aliases": {"target": "centos/6/i386/default", "description": "Centos 6 (i386) (20170829_02:16)", "name": "centos/6/i386/default"}, "properties": {"release": "6", "distribution": "centos", "description": "Centos 6 (i386) (20170829_02:16)", "build": "20170829_02:16", "architecture": "i386"}, "size": 69395710}, {"aliases": {"target": "centos/7/amd64/default", "description": "Centos 7 (amd64) (20170829_02:16)", "name": "centos/7/amd64/default"}, "properties": {"release": "7", "distribution": "centos", "description": "Centos 7 (amd64) (20170829_02:16)", "build": "20170829_02:16", "architecture": "amd64"}, "size": 68439974}, {"aliases": {"target": "debian/buster/amd64/default", "description": "Debian buster (amd64) (20170828_22:42)", "name": "debian/buster/amd64/default"}, "properties": {"release": "buster", "distribution": "debian", "description": "Debian buster (amd64) (20170828_22:42)", "build": "20170828_22:42", "architecture": "amd64"}, "size": 106467446}, {"aliases": {"target": "debian/buster/arm64/default", "description": "Debian buster (arm64) (20170828_22:42)", "name": "debian/buster/arm64/default"}, "properties": {"release": "buster", "distribution": "debian", "description": "Debian buster (arm64) (20170828_22:42)", "build": "20170828_22:42", "architecture": "arm64"}, "size": 99017622}, {"aliases": {"target": "debian/buster/armel/default", "description": "Debian buster (armel) (20170828_22:42)", "name": "debian/buster/armel/default"}, "properties": {"release": "buster", "distribution": "debian", "description": "Debian buster (armel) (20170828_22:42)", "build": "20170828_22:42", "architecture": "armel"}, "size": 99791574}, {"aliases": {"target": "debian/buster/armhf/default", "description": "Debian buster (armhf) (20170828_22:42)", "name": "debian/buster/armhf/default"}, "properties": {"release": "buster", "distribution": "debian", "description": "Debian buster (armhf) (20170828_22:42)", "build": "20170828_22:42", "architecture": "armhf"}, "size": 100620126}, {"aliases": {"target": "debian/buster/i386/default", "description": "Debian buster (i386) (20170828_22:42)", "name": "debian/buster/i386/default"}, "properties": {"release": "buster", "distribution": "debian", "description": "Debian buster (i386) (20170828_22:42)", "build": "20170828_22:42", "architecture": "i386"}, "size": 107845434}, {"aliases": {"target": "debian/buster/ppc64el/default", "description": "Debian buster (ppc64el) (20170828_22:42)", "name": "debian/buster/ppc64el/default"}, "properties": {"release": "buster", "distribution": "debian", "description": "Debian buster (ppc64el) (20170828_22:42)", "build": "20170828_22:42", "architecture": "ppc64el"}, "size": 101232902}, {"aliases": {"target": "debian/buster/s390x/default", "description": "Debian buster (s390x) (20170828_22:42)", "name": "debian/buster/s390x/default"}, "properties": {"release": "buster", "distribution": "debian", "description": "Debian buster (s390x) (20170828_22:42)", "build": "20170828_22:42", "architecture": "s390x"}, "size": 101920598}, {"aliases": {"target": "debian/jessie/amd64/default", "description": "Debian jessie (amd64) (20170828_22:42)", "name": "debian/jessie/amd64/default"}, "properties": {"release": "jessie", "distribution": "debian", "description": "Debian jessie (amd64) (20170828_22:42)", "build": "20170828_22:42", "architecture": "amd64"}, "size": 98893606}, {"aliases": {"target": "debian/jessie/arm64/default", "description": "Debian jessie (arm64) (20170828_22:42)", "name": "debian/jessie/arm64/default"}, "properties": {"release": "jessie", "distribution": "debian", "description": "Debian jessie (arm64) (20170828_22:42)", "build": "20170828_22:42", "architecture": "arm64"}, "size": 92129462}, {"aliases": {"target": "debian/jessie/armel/default", "description": "Debian jessie (armel) (20170828_22:42)", "name": "debian/jessie/armel/default"}, "properties": {"release": "jessie", "distribution": "debian", "description": "Debian jessie (armel) (20170828_22:42)", "build": "20170828_22:42", "architecture": "armel"}, "size": 93098686}, {"aliases": {"target": "debian/jessie/armhf/default", "description": "Debian jessie (armhf) (20170828_22:42)", "name": "debian/jessie/armhf/default"}, "properties": {"release": "jessie", "distribution": "debian", "description": "Debian jessie (armhf) (20170828_22:42)", "build": "20170828_22:42", "architecture": "armhf"}, "size": 93622474}, {"aliases": {"target": "debian/jessie/i386/default", "description": "Debian jessie (i386) (20170828_22:42)", "name": "debian/jessie/i386/default"}, "properties": {"release": "jessie", "distribution": "debian", "description": "Debian jessie (i386) (20170828_22:42)", "build": "20170828_22:42", "architecture": "i386"}, "size": 101544506}, {"aliases": {"target": "debian/jessie/powerpc/default", "description": "Debian jessie (powerpc) (20170828_22:42)", "name": "debian/jessie/powerpc/default"}, "properties": {"release": "jessie", "distribution": "debian", "description": "Debian jessie (powerpc) (20170828_22:42)", "build": "20170828_22:42", "architecture": "powerpc"}, "size": 93535270}, {"aliases": {"target": "debian/jessie/ppc64el/default", "description": "Debian jessie (ppc64el) (20170828_22:42)", "name": "debian/jessie/ppc64el/default"}, "properties": {"release": "jessie", "distribution": "debian", "description": "Debian jessie (ppc64el) (20170828_22:42)", "build": "20170828_22:42", "architecture": "ppc64el"}, "size": 94594518}, {"aliases": {"target": "debian/jessie/s390x/default", "description": "Debian jessie (s390x) (20170828_22:42)", "name": "debian/jessie/s390x/default"}, "properties": {"release": "jessie", "distribution": "debian", "description": "Debian jessie (s390x) (20170828_22:42)", "build": "20170828_22:42", "architecture": "s390x"}, "size": 96523846}, {"aliases": {"target": "debian/sid/amd64/default", "description": "Debian sid (amd64) (20170828_22:42)", "name": "debian/sid/amd64/default"}, "properties": {"release": "sid", "distribution": "debian", "description": "Debian sid (amd64) (20170828_22:42)", "build": "20170828_22:42", "architecture": "amd64"}, "size": 108598226}, {"aliases": {"target": "debian/sid/arm64/default", "description": "Debian sid (arm64) (20170828_22:42)", "name": "debian/sid/arm64/default"}, "properties": {"release": "sid", "distribution": "debian", "description": "Debian sid (arm64) (20170828_22:42)", "build": "20170828_22:42", "architecture": "arm64"}, "size": 101104862}, {"aliases": {"target": "debian/sid/armel/default", "description": "Debian sid (armel) (20170828_22:42)", "name": "debian/sid/armel/default"}, "properties": {"release": "sid", "distribution": "debian", "description": "Debian sid (armel) (20170828_22:42)", "build": "20170828_22:42", "architecture": "armel"}, "size": 101736018}, {"aliases": {"target": "debian/sid/armhf/default", "description": "Debian sid (armhf) (20170828_22:42)", "name": "debian/sid/armhf/default"}, "properties": {"release": "sid", "distribution": "debian", "description": "Debian sid (armhf) (20170828_22:42)", "build": "20170828_22:42", "architecture": "armhf"}, "size": 102349894}, {"aliases": {"target": "debian/sid/i386/default", "description": "Debian sid (i386) (20170828_22:42)", "name": "debian/sid/i386/default"}, "properties": {"release": "sid", "distribution": "debian", "description": "Debian sid (i386) (20170828_22:42)", "build": "20170828_22:42", "architecture": "i386"}, "size": 109976414}, {"aliases": {"target": "debian/sid/powerpc/default", "description": "Debian sid (powerpc) (20170828_22:42)", "name": "debian/sid/powerpc/default"}, "properties": {"release": "sid", "distribution": "debian", "description": "Debian sid (powerpc) (20170828_22:42)", "build": "20170828_22:42", "architecture": "powerpc"}, "size": 101721310}, {"aliases": {"target": "debian/sid/ppc64el/default", "description": "Debian sid (ppc64el) (20170828_22:42)", "name": "debian/sid/ppc64el/default"}, "properties": {"release": "sid", "distribution": "debian", "description": "Debian sid (ppc64el) (20170828_22:42)", "build": "20170828_22:42", "architecture": "ppc64el"}, "size": 103818242}, {"aliases": {"target": "debian/sid/s390x/default", "description": "Debian sid (s390x) (20170828_22:42)", "name": "debian/sid/s390x/default"}, "properties": {"release": "sid", "distribution": "debian", "description": "Debian sid (s390x) (20170828_22:42)", "build": "20170828_22:42", "architecture": "s390x"}, "size": 103767286}, {"aliases": {"target": "debian/stretch/amd64/default", "description": "Debian stretch (amd64) (20170828_22:42)", "name": "debian/stretch/amd64/default"}, "properties": {"release": "stretch", "distribution": "debian", "description": "Debian stretch (amd64) (20170828_22:42)", "build": "20170828_22:42", "architecture": "amd64"}, "size": 100643470}, {"aliases": {"target": "debian/stretch/arm64/default", "description": "Debian stretch (arm64) (20170828_22:42)", "name": "debian/stretch/arm64/default"}, "properties": {"release": "stretch", "distribution": "debian", "description": "Debian stretch (arm64) (20170828_22:42)", "build": "20170828_22:42", "architecture": "arm64"}, "size": 93798194}, {"aliases": {"target": "debian/stretch/armel/default", "description": "Debian stretch (armel) (20170828_22:42)", "name": "debian/stretch/armel/default"}, "properties": {"release": "stretch", "distribution": "debian", "description": "Debian stretch (armel) (20170828_22:42)", "build": "20170828_22:42", "architecture": "armel"}, "size": 94351850}, {"aliases": {"target": "debian/stretch/armhf/default", "description": "Debian stretch (armhf) (20170828_22:42)", "name": "debian/stretch/armhf/default"}, "properties": {"release": "stretch", "distribution": "debian", "description": "Debian stretch (armhf) (20170828_22:42)", "build": "20170828_22:42", "architecture": "armhf"}, "size": 95276542}, {"aliases": {"target": "debian/stretch/i386/default", "description": "Debian stretch (i386) (20170828_22:42)", "name": "debian/stretch/i386/default"}, "properties": {"release": "stretch", "distribution": "debian", "description": "Debian stretch (i386) (20170828_22:42)", "build": "20170828_22:42", "architecture": "i386"}, "size": 101912810}, {"aliases": {"target": "debian/stretch/powerpc/default", "description": "Debian stretch (powerpc) (20161104_22:42)", "name": "debian/stretch/powerpc/default"}, "properties": {"release": "stretch", "distribution": "debian", "description": "Debian stretch (powerpc) (20161104_22:42)", "build": "20161104_22:42", "architecture": "powerpc"}, "size": 106661338}, {"aliases": {"target": "debian/stretch/ppc64el/default", "description": "Debian stretch (ppc64el) (20170828_22:42)", "name": "debian/stretch/ppc64el/default"}, "properties": {"release": "stretch", "distribution": "debian", "description": "Debian stretch (ppc64el) (20170828_22:42)", "build": "20170828_22:42", "architecture": "ppc64el"}, "size": 95760862}, {"aliases": {"target": "debian/stretch/s390x/default", "description": "Debian stretch (s390x) (20170828_22:42)", "name": "debian/stretch/s390x/default"}, "properties": {"release": "stretch", "distribution": "debian", "description": "Debian stretch (s390x) (20170828_22:42)", "build": "20170828_22:42", "architecture": "s390x"}, "size": 96651922}, {"aliases": {"target": "debian/wheezy/amd64/default", "description": "Debian wheezy (amd64) (20170828_22:42)", "name": "debian/wheezy/amd64/default"}, "properties": {"release": "wheezy", "distribution": "debian", "description": "Debian wheezy (amd64) (20170828_22:42)", "build": "20170828_22:42", "architecture": "amd64"}, "size": 90421626}, {"aliases": {"target": "debian/wheezy/armel/default", "description": "Debian wheezy (armel) (20170828_22:42)", "name": "debian/wheezy/armel/default"}, "properties": {"release": "wheezy", "distribution": "debian", "description": "Debian wheezy (armel) (20170828_22:42)", "build": "20170828_22:42", "architecture": "armel"}, "size": 86119342}, {"aliases": {"target": "debian/wheezy/armhf/default", "description": "Debian wheezy (armhf) (20170828_22:42)", "name": "debian/wheezy/armhf/default"}, "properties": {"release": "wheezy", "distribution": "debian", "description": "Debian wheezy (armhf) (20170828_22:42)", "build": "20170828_22:42", "architecture": "armhf"}, "size": 84346462}, {"aliases": {"target": "debian/wheezy/i386/default", "description": "Debian wheezy (i386) (20170828_22:42)", "name": "debian/wheezy/i386/default"}, "properties": {"release": "wheezy", "distribution": "debian", "description": "Debian wheezy (i386) (20170828_22:42)", "build": "20170828_22:42", "architecture": "i386"}, "size": 91573386}, {"aliases": {"target": "debian/wheezy/powerpc/default", "description": "Debian wheezy (powerpc) (20170828_22:42)", "name": "debian/wheezy/powerpc/default"}, "properties": {"release": "wheezy", "distribution": "debian", "description": "Debian wheezy (powerpc) (20170828_22:42)", "build": "20170828_22:42", "architecture": "powerpc"}, "size": 87181766}, {"aliases": {"target": "debian/wheezy/s390x/default", "description": "Debian wheezy (s390x) (20170828_22:42)", "name": "debian/wheezy/s390x/default"}, "properties": {"release": "wheezy", "distribution": "debian", "description": "Debian wheezy (s390x) (20170828_22:42)", "build": "20170828_22:42", "architecture": "s390x"}, "size": 90153438}, {"aliases": {"target": "fedora/24/amd64/default", "description": "Fedora 24 (amd64) (20170828_01:27)", "name": "fedora/24/amd64/default"}, "properties": {"release": "24", "distribution": "fedora", "description": "Fedora 24 (amd64) (20170828_01:27)", "build": "20170828_01:27", "architecture": "amd64"}, "size": 54442874}, {"aliases": {"target": "fedora/24/i386/default", "description": "Fedora 24 (i386) (20170829_01:27)", "name": "fedora/24/i386/default"}, "properties": {"release": "24", "distribution": "fedora", "description": "Fedora 24 (i386) (20170829_01:27)", "build": "20170829_01:27", "architecture": "i386"}, "size": 55108406}, {"aliases": {"target": "fedora/25/amd64/default", "description": "Fedora 25 (amd64) (20170829_02:54)", "name": "fedora/25/amd64/default"}, "properties": {"release": "25", "distribution": "fedora", "description": "Fedora 25 (amd64) (20170829_02:54)", "build": "20170829_02:54", "architecture": "amd64"}, "size": 52699322}, {"aliases": {"target": "fedora/25/i386/default", "description": "Fedora 25 (i386) (20170829_01:27)", "name": "fedora/25/i386/default"}, "properties": {"release": "25", "distribution": "fedora", "description": "Fedora 25 (i386) (20170829_01:27)", "build": "20170829_01:27", "architecture": "i386"}, "size": 53339182}, {"aliases": {"target": "fedora/26/amd64/default", "description": "Fedora 26 (amd64) (20170829_02:14)", "name": "fedora/26/amd64/default"}, "properties": {"release": "26", "distribution": "fedora", "description": "Fedora 26 (amd64) (20170829_02:14)", "build": "20170829_02:14", "architecture": "amd64"}, "size": 53511674}, {"aliases": {"target": "fedora/26/i386/default", "description": "Fedora 26 (i386) (20170829_01:27)", "name": "fedora/26/i386/default"}, "properties": {"release": "26", "distribution": "fedora", "description": "Fedora 26 (i386) (20170829_01:27)", "build": "20170829_01:27", "architecture": "i386"}, "size": 54940678}, {"aliases": {"target": "gentoo/current/amd64/default", "description": "Gentoo current (amd64) (20170828_14:12)", "name": "gentoo/current/amd64/default"}, "properties": {"release": "current", "distribution": "gentoo", "description": "Gentoo current (amd64) (20170828_14:12)", "build": "20170828_14:12", "architecture": "amd64"}, "size": 237745698}, {"aliases": {"target": "gentoo/current/i386/default", "description": "Gentoo current (i386) (20170828_14:12)", "name": "gentoo/current/i386/default"}, "properties": {"release": "current", "distribution": "gentoo", "description": "Gentoo current (i386) (20170828_14:12)", "build": "20170828_14:12", "architecture": "i386"}, "size": 230031042}, {"aliases": {"target": "opensuse/42.2/amd64/default", "description": "Opensuse 42.2 (amd64) (20170829_00:53)", "name": "opensuse/42.2/amd64/default"}, "properties": {"release": "42.2", "distribution": "opensuse", "description": "Opensuse 42.2 (amd64) (20170829_00:53)", "build": "20170829_00:53", "architecture": "amd64"}, "size": 52628462}, {"aliases": {"target": "opensuse/42.3/amd64/default", "description": "Opensuse 42.3 (amd64) (20170829_00:53)", "name": "opensuse/42.3/amd64/default"}, "properties": {"release": "42.3", "distribution": "opensuse", "description": "Opensuse 42.3 (amd64) (20170829_00:53)", "build": "20170829_00:53", "architecture": "amd64"}, "size": 52684814}, {"aliases": {"target": "oracle/6/amd64/default", "description": "Oracle 6 (amd64) (20170828_11:40)", "name": "oracle/6/amd64/default"}, "properties": {"release": "6", "distribution": "oracle", "description": "Oracle 6 (amd64) (20170828_11:40)", "build": "20170828_11:40", "architecture": "amd64"}, "size": 270408134}, {"aliases": {"target": "oracle/6/i386/default", "description": "Oracle 6 (i386) (20170828_11:40)", "name": "oracle/6/i386/default"}, "properties": {"release": "6", "distribution": "oracle", "description": "Oracle 6 (i386) (20170828_11:40)", "build": "20170828_11:40", "architecture": "i386"}, "size": 258018218}, {"aliases": {"target": "oracle/7/amd64/default", "description": "Oracle 7 (amd64) (20170828_11:40)", "name": "oracle/7/amd64/default"}, "properties": {"release": "7", "distribution": "oracle", "description": "Oracle 7 (amd64) (20170828_11:40)", "build": "20170828_11:40", "architecture": "amd64"}, "size": 202654282}, {"aliases": {"target": "plamo/5.x/amd64/default", "description": "Plamo 5.x (amd64) (20170828_21:36)", "name": "plamo/5.x/amd64/default"}, "properties": {"release": "5.x", "distribution": "plamo", "description": "Plamo 5.x (amd64) (20170828_21:36)", "build": "20170828_21:36", "architecture": "amd64"}, "size": 264019034}, {"aliases": {"target": "plamo/5.x/i386/default", "description": "Plamo 5.x (i386) (20170828_21:59)", "name": "plamo/5.x/i386/default"}, "properties": {"release": "5.x", "distribution": "plamo", "description": "Plamo 5.x (i386) (20170828_21:59)", "build": "20170828_21:59", "architecture": "i386"}, "size": 259081334}, {"aliases": {"target": "plamo/6.x/amd64/default", "description": "Plamo 6.x (amd64) (20170828_21:36)", "name": "plamo/6.x/amd64/default"}, "properties": {"release": "6.x", "distribution": "plamo", "description": "Plamo 6.x (amd64) (20170828_21:36)", "build": "20170828_21:36", "architecture": "amd64"}, "size": 254435474}, {"aliases": {"target": "plamo/6.x/i386/default", "description": "Plamo 6.x (i386) (20170828_21:36)", "name": "plamo/6.x/i386/default"}, "properties": {"release": "6.x", "distribution": "plamo", "description": "Plamo 6.x (i386) (20170828_21:36)", "build": "20170828_21:36", "architecture": "i386"}, "size": 251733446}, {"aliases": {"target": "sabayon/current/amd64/default", "description": "Sabayon current (amd64) (20170829_07:38)", "name": "sabayon/current/amd64/default"}, "properties": {"release": "current", "distribution": "sabayon", "description": "Sabayon current (amd64) (20170829_07:38)", "build": "20170829_07:38", "architecture": "amd64"}, "size": 375764574}, {"aliases": {"target": "sabayon/current/armhf/default", "description": "Sabayon current (armhf) (20170829_07:38)", "name": "sabayon/current/armhf/default"}, "properties": {"release": "current", "distribution": "sabayon", "description": "Sabayon current (armhf) (20170829_07:38)", "build": "20170829_07:38", "architecture": "armhf"}, "size": 500134062}, {"aliases": {"target": "ubuntu-core/16/amd64/default", "description": "Ubuntu-Core 16 (amd64) (20170828_04:36)", "name": "ubuntu-core/16/amd64/default"}, "properties": {"release": "16", "distribution": "ubuntu-core", "description": "Ubuntu-Core 16 (amd64) (20170828_04:36)", "build": "20170828_04:36", "architecture": "amd64"}, "size": 212427866}, {"aliases": {"target": "ubuntu-core/16/i386/default", "description": "Ubuntu-Core 16 (i386) (20170828_04:36)", "name": "ubuntu-core/16/i386/default"}, "properties": {"release": "16", "distribution": "ubuntu-core", "description": "Ubuntu-Core 16 (i386) (20170828_04:36)", "build": "20170828_04:36", "architecture": "i386"}, "size": 206672978}, {"aliases": {"target": "ubuntu/artful/amd64/default", "description": "Ubuntu artful (amd64) (20170823_08:23)", "name": "ubuntu/artful/amd64/default"}, "properties": {"release": "artful", "distribution": "ubuntu", "description": "Ubuntu artful (amd64) (20170823_08:23)", "build": "20170823_08:23", "architecture": "amd64"}, "size": 88469294}, {"aliases": {"target": "ubuntu/artful/arm64/default", "description": "Ubuntu artful (arm64) (20170823_03:49)", "name": "ubuntu/artful/arm64/default"}, "properties": {"release": "artful", "distribution": "ubuntu", "description": "Ubuntu artful (arm64) (20170823_03:49)", "build": "20170823_03:49", "architecture": "arm64"}, "size": 82286450}, {"aliases": {"target": "ubuntu/artful/armhf/default", "description": "Ubuntu artful (armhf) (20170823_03:49)", "name": "ubuntu/artful/armhf/default"}, "properties": {"release": "artful", "distribution": "ubuntu", "description": "Ubuntu artful (armhf) (20170823_03:49)", "build": "20170823_03:49", "architecture": "armhf"}, "size": 83297602}, {"aliases": {"target": "ubuntu/artful/i386/default", "description": "Ubuntu artful (i386) (20170823_08:23)", "name": "ubuntu/artful/i386/default"}, "properties": {"release": "artful", "distribution": "ubuntu", "description": "Ubuntu artful (i386) (20170823_08:23)", "build": "20170823_08:23", "architecture": "i386"}, "size": 89201838}, {"aliases": {"target": "ubuntu/artful/ppc64el/default", "description": "Ubuntu artful (ppc64el) (20170823_03:49)", "name": "ubuntu/artful/ppc64el/default"}, "properties": {"release": "artful", "distribution": "ubuntu", "description": "Ubuntu artful (ppc64el) (20170823_03:49)", "build": "20170823_03:49", "architecture": "ppc64el"}, "size": 87702430}, {"aliases": {"target": "ubuntu/artful/s390x/default", "description": "Ubuntu artful (s390x) (20170823_03:49)", "name": "ubuntu/artful/s390x/default"}, "properties": {"release": "artful", "distribution": "ubuntu", "description": "Ubuntu artful (s390x) (20170823_03:49)", "build": "20170823_03:49", "architecture": "s390x"}, "size": 83237942}, {"aliases": {"target": "ubuntu/precise/amd64/default", "description": "Ubuntu precise (amd64) (20170829_03:49)", "name": "ubuntu/precise/amd64/default"}, "properties": {"release": "precise", "distribution": "ubuntu", "description": "Ubuntu precise (amd64) (20170829_03:49)", "build": "20170829_03:49", "architecture": "amd64"}, "size": 78936026}, {"aliases": {"target": "ubuntu/precise/armel/default", "description": "Ubuntu precise (armel) (20170829_03:49)", "name": "ubuntu/precise/armel/default"}, "properties": {"release": "precise", "distribution": "ubuntu", "description": "Ubuntu precise (armel) (20170829_03:49)", "build": "20170829_03:49", "architecture": "armel"}, "size": 61666858}, {"aliases": {"target": "ubuntu/precise/armhf/default", "description": "Ubuntu precise (armhf) (20170829_03:49)", "name": "ubuntu/precise/armhf/default"}, "properties": {"release": "precise", "distribution": "ubuntu", "description": "Ubuntu precise (armhf) (20170829_03:49)", "build": "20170829_03:49", "architecture": "armhf"}, "size": 61550050}, {"aliases": {"target": "ubuntu/precise/i386/default", "description": "Ubuntu precise (i386) (20170829_03:49)", "name": "ubuntu/precise/i386/default"}, "properties": {"release": "precise", "distribution": "ubuntu", "description": "Ubuntu precise (i386) (20170829_03:49)", "build": "20170829_03:49", "architecture": "i386"}, "size": 65220158}, {"aliases": {"target": "ubuntu/precise/powerpc/default", "description": "Ubuntu precise (powerpc) (20170829_03:49)", "name": "ubuntu/precise/powerpc/default"}, "properties": {"release": "precise", "distribution": "ubuntu", "description": "Ubuntu precise (powerpc) (20170829_03:49)", "build": "20170829_03:49", "architecture": "powerpc"}, "size": 61190690}, {"aliases": {"target": "ubuntu/trusty/amd64/default", "description": "Ubuntu trusty (amd64) (20170829_03:49)", "name": "ubuntu/trusty/amd64/default"}, "properties": {"release": "trusty", "distribution": "ubuntu", "description": "Ubuntu trusty (amd64) (20170829_03:49)", "build": "20170829_03:49", "architecture": "amd64"}, "size": 81866642}, {"aliases": {"target": "ubuntu/trusty/arm64/default", "description": "Ubuntu trusty (arm64) (20170829_03:49)", "name": "ubuntu/trusty/arm64/default"}, "properties": {"release": "trusty", "distribution": "ubuntu", "description": "Ubuntu trusty (arm64) (20170829_03:49)", "build": "20170829_03:49", "architecture": "arm64"}, "size": 75441922}, {"aliases": {"target": "ubuntu/trusty/armhf/default", "description": "Ubuntu trusty (armhf) (20170829_03:49)", "name": "ubuntu/trusty/armhf/default"}, "properties": {"release": "trusty", "distribution": "ubuntu", "description": "Ubuntu trusty (armhf) (20170829_03:49)", "build": "20170829_03:49", "architecture": "armhf"}, "size": 76619134}, {"aliases": {"target": "ubuntu/trusty/i386/default", "description": "Ubuntu trusty (i386) (20170829_03:49)", "name": "ubuntu/trusty/i386/default"}, "properties": {"release": "trusty", "distribution": "ubuntu", "description": "Ubuntu trusty (i386) (20170829_03:49)", "build": "20170829_03:49", "architecture": "i386"}, "size": 79737550}, {"aliases": {"target": "ubuntu/trusty/powerpc/default", "description": "Ubuntu trusty (powerpc) (20170829_03:49)", "name": "ubuntu/trusty/powerpc/default"}, "properties": {"release": "trusty", "distribution": "ubuntu", "description": "Ubuntu trusty (powerpc) (20170829_03:49)", "build": "20170829_03:49", "architecture": "powerpc"}, "size": 76782330}, {"aliases": {"target": "ubuntu/trusty/ppc64el/default", "description": "Ubuntu trusty (ppc64el) (20170829_03:49)", "name": "ubuntu/trusty/ppc64el/default"}, "properties": {"release": "trusty", "distribution": "ubuntu", "description": "Ubuntu trusty (ppc64el) (20170829_03:49)", "build": "20170829_03:49", "architecture": "ppc64el"}, "size": 78985026}, {"aliases": {"target": "ubuntu/xenial/amd64/default", "description": "Ubuntu xenial (amd64) (20170829_03:49)", "name": "ubuntu/xenial/amd64/default"}, "properties": {"release": "xenial", "distribution": "ubuntu", "description": "Ubuntu xenial (amd64) (20170829_03:49)", "build": "20170829_03:49", "architecture": "amd64"}, "size": 86569374}, {"aliases": {"target": "ubuntu/xenial/arm64/default", "description": "Ubuntu xenial (arm64) (20170829_03:49)", "name": "ubuntu/xenial/arm64/default"}, "properties": {"release": "xenial", "distribution": "ubuntu", "description": "Ubuntu xenial (arm64) (20170829_03:49)", "build": "20170829_03:49", "architecture": "arm64"}, "size": 79622146}, {"aliases": {"target": "ubuntu/xenial/armhf/default", "description": "Ubuntu xenial (armhf) (20170829_03:49)", "name": "ubuntu/xenial/armhf/default"}, "properties": {"release": "xenial", "distribution": "ubuntu", "description": "Ubuntu xenial (armhf) (20170829_03:49)", "build": "20170829_03:49", "architecture": "armhf"}, "size": 81222498}, {"aliases": {"target": "ubuntu/xenial/i386/default", "description": "Ubuntu xenial (i386) (20170829_03:49)", "name": "ubuntu/xenial/i386/default"}, "properties": {"release": "xenial", "distribution": "ubuntu", "description": "Ubuntu xenial (i386) (20170829_03:49)", "build": "20170829_03:49", "architecture": "i386"}, "size": 87152842}, {"aliases": {"target": "ubuntu/xenial/powerpc/default", "description": "Ubuntu xenial (powerpc) (20170829_03:49)", "name": "ubuntu/xenial/powerpc/default"}, "properties": {"release": "xenial", "distribution": "ubuntu", "description": "Ubuntu xenial (powerpc) (20170829_03:49)", "build": "20170829_03:49", "architecture": "powerpc"}, "size": 80342250}, {"aliases": {"target": "ubuntu/xenial/ppc64el/default", "description": "Ubuntu xenial (ppc64el) (20170829_03:49)", "name": "ubuntu/xenial/ppc64el/default"}, "properties": {"release": "xenial", "distribution": "ubuntu", "description": "Ubuntu xenial (ppc64el) (20170829_03:49)", "build": "20170829_03:49", "architecture": "ppc64el"}, "size": 84316938}, {"aliases": {"target": "ubuntu/xenial/s390x/default", "description": "Ubuntu xenial (s390x) (20170829_03:49)", "name": "ubuntu/xenial/s390x/default"}, "properties": {"release": "xenial", "distribution": "ubuntu", "description": "Ubuntu xenial (s390x) (20170829_03:49)", "build": "20170829_03:49", "architecture": "s390x"}, "size": 81085766}, {"aliases": {"target": "ubuntu/zesty/amd64/default", "description": "Ubuntu zesty (amd64) (20170829_03:49)", "name": "ubuntu/zesty/amd64/default"}, "properties": {"release": "zesty", "distribution": "ubuntu", "description": "Ubuntu zesty (amd64) (20170829_03:49)", "build": "20170829_03:49", "architecture": "amd64"}, "size": 86913454}, {"aliases": {"target": "ubuntu/zesty/arm64/default", "description": "Ubuntu zesty (arm64) (20170829_03:49)", "name": "ubuntu/zesty/arm64/default"}, "properties": {"release": "zesty", "distribution": "ubuntu", "description": "Ubuntu zesty (arm64) (20170829_03:49)", "build": "20170829_03:49", "architecture": "arm64"}, "size": 80347618}, {"aliases": {"target": "ubuntu/zesty/armhf/default", "description": "Ubuntu zesty (armhf) (20170829_03:49)", "name": "ubuntu/zesty/armhf/default"}, "properties": {"release": "zesty", "distribution": "ubuntu", "description": "Ubuntu zesty (armhf) (20170829_03:49)", "build": "20170829_03:49", "architecture": "armhf"}, "size": 81809002}, {"aliases": {"target": "ubuntu/zesty/i386/default", "description": "Ubuntu zesty (i386) (20170829_03:49)", "name": "ubuntu/zesty/i386/default"}, "properties": {"release": "zesty", "distribution": "ubuntu", "description": "Ubuntu zesty (i386) (20170829_03:49)", "build": "20170829_03:49", "architecture": "i386"}, "size": 87637874}, {"aliases": {"target": "ubuntu/zesty/powerpc/default", "description": "Ubuntu zesty (powerpc) (20170317_03:49)", "name": "ubuntu/zesty/powerpc/default"}, "properties": {"release": "zesty", "distribution": "ubuntu", "description": "Ubuntu zesty (powerpc) (20170317_03:49)", "build": "20170317_03:49", "architecture": "powerpc"}, "size": 78476770}, {"aliases": {"target": "ubuntu/zesty/ppc64el/default", "description": "Ubuntu zesty (ppc64el) (20170829_03:49)", "name": "ubuntu/zesty/ppc64el/default"}, "properties": {"release": "zesty", "distribution": "ubuntu", "description": "Ubuntu zesty (ppc64el) (20170829_03:49)", "build": "20170829_03:49", "architecture": "ppc64el"}, "size": 84969606}, {"aliases": {"target": "ubuntu/zesty/s390x/default", "description": "Ubuntu zesty (s390x) (20170829_03:49)", "name": "ubuntu/zesty/s390x/default"}, "properties": {"release": "zesty", "distribution": "ubuntu", "description": "Ubuntu zesty (s390x) (20170829_03:49)", "build": "20170829_03:49", "architecture": "s390x"}, "size": 81728282}]